[{"model": "auctions.user", "pk": 1, "fields": {"password": "pbkdf2_sha256$390000$6vIXvPLJpyeLhHH0WEUHsx$WbcVcu4Rtw5Mq/A5FIU0A5MR9sRwWnoCqKnNF3OGrqA=", "last_login": "2022-09-14T18:03:58.583Z", "is_superuser": true, "username": "admin", "first_name": "", "last_name": "", "email": "admin@admin.com", "is_staff": true, "is_active": true, "date_joined": "2022-09-14T17:53:00.772Z", "groups": [], "user_permissions": []}}, {"model": "auctions.user", "pk": 2, "fields": {"password": "pbkdf2_sha256$390000$N8PCV8pIvubhA6U3KsahFy$s3g49a9v5ZLkf2brfzo9H74FilqVWbDwFO973lt1vDs=", "last_login": "2022-09-14T18:29:29.860Z", "is_superuser": false, "username": "John Lennon", "first_name": "", "last_name": "", "email": "jl@jl.com", "is_staff": false, "is_active": true, "date_joined": "2022-09-14T18:02:13.759Z", "groups": [], "user_permissions": []}}, {"model": "auctions.user", "pk": 3, "fields": {"password": "pbkdf2_sha256$390000$71m1BoekqBHI454DqdBybR$sqLZ8jatjIAnepFPogVKop+jj4L8xaPye360TMuvMLg=", "last_login": "2022-09-14T18:34:35.023Z", "is_superuser": false, "username": "Paul McCartney", "first_name": "", "last_name": "", "email": "pc@pc.com", "is_staff": false, "is_active": true, "date_joined": "2022-09-14T18:03:02.615Z", "groups": [], "user_permissions": []}}, {"model": "auctions.user", "pk": 4, "fields": {"password": "pbkdf2_sha256$390000$FY6pX4onF6e8H1OkJPHimP$NpnL9s2fsdDviJOvbMZ+kfyE6/xykkGr0WIDuRYLy8Y=", "last_login": "2022-09-14T18:32:46.793Z", "is_superuser": false, "username": "Ringo Starr", "first_name": "", "last_name": "", "email": "rs@rs.com", "is_staff": false, "is_active": true, "date_joined": "2022-09-14T18:03:14.184Z", "groups": [], "user_permissions": []}}, {"model": "auctions.user", "pk": 5, "fields": {"password": "pbkdf2_sha256$390000$aT6rh3rp6jwjh6bTWrJoTB$95FjwgHKKtxBQYbhrhrqdyaK114JdRh6sEiNXzgGg9I=", "last_login": "2022-09-14T18:31:36.741Z", "is_superuser": false, "username": "George Harrison", "first_name": "", "last_name": "", "email": "gh@gh.com", "is_staff": false, "is_active": true, "date_joined": "2022-09-14T18:03:32.902Z", "groups": [], "user_permissions": []}}, {"model": "auctions.category", "pk": 1, "fields": {"category": "Misc"}}, {"model": "auctions.category", "pk": 2, "fields": {"category": "Fashion"}}, {"model": "auctions.category", "pk": 3, "fields": {"category": "Home"}}, {"model": "auctions.category", "pk": 4, "fields": {"category": "Toys"}}, {"model": "auctions.category", "pk": 5, "fields": {"category": "Electronics"}}, {"model": "auctions.category", "pk": 6, "fields": {"category": "Media"}}, {"model": "auctions.category", "pk": 7, "fields": {"category": "Hobby"}}, {"model": "auctions.listing", "pk": 1, "fields": {"item": "PS4", "description": "Incredible games & non-stop entertainment. The PS4 console, delivering awesome gaming power, incredible entertainment and vibrant HDR technology", "starting_bid": "399.99", "current_bid": 9, "category": 5, "img": "ps4.jpg", "seller": 2, "closed": false}}, {"model": "auctions.listing", "pk": 2, "fields": {"item": "Cast Iron Pans - set", "description": "Heavy-duty cookware made of cast iron is valued for its heat retention, durability, ability to be maintain high temperatures for longer time duration, and non-stick cooking when properly seasoned.", "starting_bid": "40.00", "current_bid": 4, "category": 3, "img": "pan.jpg", "seller": 2, "closed": false}}, {"model": "auctions.listing", "pk": 3, "fields": {"item": "Harry Potter - Bookset", "description": "Harry Potter is a series of seven fantasy novels written by British author J. K. Rowling. The novels chronicle the lives of a young wizard, Harry Potter, and his friends Hermione Granger and Ron Weasley, all of whom are students at Hogwarts School of Witchcraft and Wizardry.", "starting_bid": "69.99", "current_bid": 1, "category": 6, "img": "books.jpg", "seller": 3, "closed": false}}, {"model": "auctions.listing", "pk": 4, "fields": {"item": "Top Hat", "description": "For when you're feeling fancy.", "starting_bid": "19.99", "current_bid": 7, "category": 2, "img": "hat.jpg", "seller": 3, "closed": true}}, {"model": "auctions.listing", "pk": 5, "fields": {"item": "Toy Collection", "description": "Lightly used. good condition, kids will love it.", "starting_bid": "102.69", "current_bid": 8, "category": 4, "img": "toys.jpg", "seller": 4, "closed": false}}, {"model": "auctions.listing", "pk": 6, "fields": {"item": "Sculpture", "description": "Homemade.", "starting_bid": "699.72", "current_bid": 6, "category": 1, "img": "sculpture.jpg", "seller": 5, "closed": false}}, {"model": "auctions.bid", "pk": 1, "fields": {"bidder": 2, "bid": "80.00"}}, {"model": "auctions.bid", "pk": 2, "fields": {"bidder": 5, "bid": "420.42"}}, {"model": "auctions.bid", "pk": 3, "fields": {"bidder": 5, "bid": "104.99"}}, {"model": "auctions.bid", "pk": 4, "fields": {"bidder": 4, "bid": "42.44"}}, {"model": "auctions.bid", "pk": 5, "fields": {"bidder": 4, "bid": "435.88"}}, {"model": "auctions.bid", "pk": 6, "fields": {"bidder": 4, "bid": "708.55"}}, {"model": "auctions.bid", "pk": 7, "fields": {"bidder": 4, "bid": "24.99"}}, {"model": "auctions.bid", "pk": 8, "fields": {"bidder": 3, "bid": "200.00"}}, {"model": "auctions.bid", "pk": 9, "fields": {"bidder": 3, "bid": "440.00"}}, {"model": "auctions.watchlist", "pk": 1, "fields": {"user": 2, "listing": 4}}, {"model": "auctions.watchlist", "pk": 2, "fields": {"user": 2, "listing": 3}}, {"model": "auctions.watchlist", "pk": 3, "fields": {"user": 5, "listing": 1}}, {"model": "auctions.watchlist", "pk": 4, "fields": {"user": 5, "listing": 2}}, {"model": "auctions.watchlist", "pk": 5, "fields": {"user": 4, "listing": 2}}, {"model": "auctions.watchlist", "pk": 6, "fields": {"user": 4, "listing": 1}}, {"model": "auctions.watchlist", "pk": 7, "fields": {"user": 4, "listing": 3}}, {"model": "auctions.watchlist", "pk": 8, "fields": {"user": 4, "listing": 6}}, {"model": "auctions.watchlist", "pk": 9, "fields": {"user": 4, "listing": 4}}, {"model": "auctions.watchlist", "pk": 10, "fields": {"user": 3, "listing": 5}}, {"model": "auctions.watchlist", "pk": 11, "fields": {"user": 3, "listing": 1}}, {"model": "auctions.comment", "pk": 1, "fields": {"auction": 3, "author": 2, "comment": "I really want this item!"}}, {"model": "auctions.comment", "pk": 2, "fields": {"auction": 4, "author": 2, "comment": "This would look great on me!"}}, {"model": "auctions.comment", "pk": 3, "fields": {"auction": 6, "author": 2, "comment": "Interesting....."}}, {"model": "auctions.comment", "pk": 4, "fields": {"auction": 1, "author": 5, "comment": "Does it come with any games?"}}, {"model": "auctions.comment", "pk": 5, "fields": {"auction": 5, "author": 5, "comment": "Wow, looks like a great item"}}, {"model": "auctions.comment", "pk": 6, "fields": {"auction": 2, "author": 4, "comment": "Hope I win this..."}}, {"model": "auctions.comment", "pk": 7, "fields": {"auction": 1, "author": 4, "comment": "Looks great - I'm gonna win this!"}}, {"model": "auctions.comment", "pk": 8, "fields": {"auction": 3, "author": 4, "comment": "Me too!"}}, {"model": "auctions.comment", "pk": 9, "fields": {"auction": 6, "author": 4, "comment": "Wow..."}}, {"model": "auctions.comment", "pk": 10, "fields": {"auction": 4, "author": 4, "comment": "Gonna wear this to the movies..."}}, {"model": "auctions.comment", "pk": 11, "fields": {"auction": 3, "author": 3, "comment": "Better bid higher!"}}, {"model": "auctions.comment", "pk": 12, "fields": {"auction": 5, "author": 3, "comment": "This one's mine"}}, {"model": "auctions.comment", "pk": 13, "fields": {"auction": 1, "author": 3, "comment": "wow...."}}, {"model": "admin.logentry", "pk": 1, "fields": {"action_time": "2022-09-14T17:59:32.371Z", "user": 1, "content_type": 2, "object_id": "1", "object_repr": "Misc", "action_flag": 1, "change_message": "[{\"added\": {}}]"}}, {"model": "admin.logentry", "pk": 2, "fields": {"action_time": "2022-09-14T17:59:47.700Z", "user": 1, "content_type": 2, "object_id": "2", "object_repr": "Fashion", "action_flag": 1, "change_message": "[{\"added\": {}}]"}}, {"model": "admin.logentry", "pk": 3, "fields": {"action_time": "2022-09-14T17:59:51.487Z", "user": 1, "content_type": 2, "object_id": "3", "object_repr": "Home", "action_flag": 1, "change_message": "[{\"added\": {}}]"}}, {"model": "admin.logentry", "pk": 4, "fields": {"action_time": "2022-09-14T18:00:02.922Z", "user": 1, "content_type": 2, "object_id": "4", "object_repr": "Toys", "action_flag": 1, "change_message": "[{\"added\": {}}]"}}, {"model": "admin.logentry", "pk": 5, "fields": {"action_time": "2022-09-14T18:00:09.603Z", "user": 1, "content_type": 2, "object_id": "5", "object_repr": "Electronics", "action_flag": 1, "change_message": "[{\"added\": {}}]"}}, {"model": "admin.logentry", "pk": 6, "fields": {"action_time": "2022-09-14T18:00:32.052Z", "user": 1, "content_type": 2, "object_id": "6", "object_repr": "Media", "action_flag": 1, "change_message": "[{\"added\": {}}]"}}, {"model": "admin.logentry", "pk": 7, "fields": {"action_time": "2022-09-14T18:00:36.040Z", "user": 1, "content_type": 2, "object_id": "7", "object_repr": "Hobby", "action_flag": 1, "change_message": "[{\"added\": {}}]"}}, {"model": "admin.logentry", "pk": 8, "fields": {"action_time": "2022-09-14T18:04:45.748Z", "user": 1, "content_type": 3, "object_id": "1", "object_repr": "PS4", "action_flag": 1, "change_message": "[{\"added\": {}}]"}}, {"model": "admin.logentry", "pk": 9, "fields": {"action_time": "2022-09-14T18:06:49.742Z", "user": 1, "content_type": 3, "object_id": "2", "object_repr": "Cast Iron Pans - set", "action_flag": 1, "change_message": "[{\"added\": {}}]"}}, {"model": "admin.logentry", "pk": 10, "fields": {"action_time": "2022-09-14T18:14:48.222Z", "user": 1, "content_type": 3, "object_id": "3", "object_repr": "Harry Potter - Bookset", "action_flag": 1, "change_message": "[{\"added\": {}}]"}}, {"model": "admin.logentry", "pk": 11, "fields": {"action_time": "2022-09-14T18:16:09.362Z", "user": 1, "content_type": 3, "object_id": "4", "object_repr": "Top Hat", "action_flag": 1, "change_message": "[{\"added\": {}}]"}}, {"model": "admin.logentry", "pk": 12, "fields": {"action_time": "2022-09-14T18:16:59.255Z", "user": 1, "content_type": 3, "object_id": "5", "object_repr": "Toy Collection", "action_flag": 1, "change_message": "[{\"added\": {}}]"}}, {"model": "admin.logentry", "pk": 13, "fields": {"action_time": "2022-09-14T18:18:27.682Z", "user": 1, "content_type": 3, "object_id": "6", "object_repr": "Sculpture", "action_flag": 1, "change_message": "[{\"added\": {}}]"}}, {"model": "auth.permission", "pk": 1, "fields": {"name": "Can add user", "content_type": 1, "codename": "add_user"}}, {"model": "auth.permission", "pk": 2, "fields": {"name": "Can change user", "content_type": 1, "codename": "change_user"}}, {"model": "auth.permission", "pk": 3, "fields": {"name": "Can delete user", "content_type": 1, "codename": "delete_user"}}, {"model": "auth.permission", "pk": 4, "fields": {"name": "Can view user", "content_type": 1, "codename": "view_user"}}, {"model": "auth.permission", "pk": 5, "fields": {"name": "Can add category", "content_type": 2, "codename": "add_category"}}, {"model": "auth.permission", "pk": 6, "fields": {"name": "Can change category", "content_type": 2, "codename": "change_category"}}, {"model": "auth.permission", "pk": 7, "fields": {"name": "Can delete category", "content_type": 2, "codename": "delete_category"}}, {"model": "auth.permission", "pk": 8, "fields": {"name": "Can view category", "content_type": 2, "codename": "view_category"}}, {"model": "auth.permission", "pk": 9, "fields": {"name": "Can add listing", "content_type": 3, "codename": "add_listing"}}, {"model": "auth.permission", "pk": 10, "fields": {"name": "Can change listing", "content_type": 3, "codename": "change_listing"}}, {"model": "auth.permission", "pk": 11, "fields": {"name": "Can delete listing", "content_type": 3, "codename": "delete_listing"}}, {"model": "auth.permission", "pk": 12, "fields": {"name": "Can view listing", "content_type": 3, "codename": "view_listing"}}, {"model": "auth.permission", "pk": 13, "fields": {"name": "Can add bid", "content_type": 4, "codename": "add_bid"}}, {"model": "auth.permission", "pk": 14, "fields": {"name": "Can change bid", "content_type": 4, "codename": "change_bid"}}, {"model": "auth.permission", "pk": 15, "fields": {"name": "Can delete bid", "content_type": 4, "codename": "delete_bid"}}, {"model": "auth.permission", "pk": 16, "fields": {"name": "Can view bid", "content_type": 4, "codename": "view_bid"}}, {"model": "auth.permission", "pk": 17, "fields": {"name": "Can add watchlist", "content_type": 5, "codename": "add_watchlist"}}, {"model": "auth.permission", "pk": 18, "fields": {"name": "Can change watchlist", "content_type": 5, "codename": "change_watchlist"}}, {"model": "auth.permission", "pk": 19, "fields": {"name": "Can delete watchlist", "content_type": 5, "codename": "delete_watchlist"}}, {"model": "auth.permission", "pk": 20, "fields": {"name": "Can view watchlist", "content_type": 5, "codename": "view_watchlist"}}, {"model": "auth.permission", "pk": 21, "fields": {"name": "Can add comment", "content_type": 6, "codename": "add_comment"}}, {"model": "auth.permission", "pk": 22, "fields": {"name": "Can change comment", "content_type": 6, "codename": "change_comment"}}, {"model": "auth.permission", "pk": 23, "fields": {"name": "Can delete comment", "content_type": 6, "codename": "delete_comment"}}, {"model": "auth.permission", "pk": 24, "fields": {"name": "Can view comment", "content_type": 6, "codename": "view_comment"}}, {"model": "auth.permission", "pk": 25, "fields": {"name": "Can add log entry", "content_type": 7, "codename": "add_logentry"}}, {"model": "auth.permission", "pk": 26, "fields": {"name": "Can change log entry", "content_type": 7, "codename": "change_logentry"}}, {"model": "auth.permission", "pk": 27, "fields": {"name": "Can delete log entry", "content_type": 7, "codename": "delete_logentry"}}, {"model": "auth.permission", "pk": 28, "fields": {"name": "Can view log entry", "content_type": 7, "codename": "view_logentry"}}, {"model": "auth.permission", "pk": 29, "fields": {"name": "Can add permission", "content_type": 8, "codename": "add_permission"}}, {"model": "auth.permission", "pk": 30, "fields": {"name": "Can change permission", "content_type": 8, "codename": "change_permission"}}, {"model": "auth.permission", "pk": 31, "fields": {"name": "Can delete permission", "content_type": 8, "codename": "delete_permission"}}, {"model": "auth.permission", "pk": 32, "fields": {"name": "Can view permission", "content_type": 8, "codename": "view_permission"}}, {"model": "auth.permission", "pk": 33, "fields": {"name": "Can add group", "content_type": 9, "codename": "add_group"}}, {"model": "auth.permission", "pk": 34, "fields": {"name": "Can change group", "content_type": 9, "codename": "change_group"}}, {"model": "auth.permission", "pk": 35, "fields": {"name": "Can delete group", "content_type": 9, "codename": "delete_group"}}, {"model": "auth.permission", "pk": 36, "fields": {"name": "Can view group", "content_type": 9, "codename": "view_group"}}, {"model": "auth.permission", "pk": 37, "fields": {"name": "Can add content type", "content_type": 10, "codename": "add_contenttype"}}, {"model": "auth.permission", "pk": 38, "fields": {"name": "Can change content type", "content_type": 10, "codename": "change_contenttype"}}, {"model": "auth.permission", "pk": 39, "fields": {"name": "Can delete content type", "content_type": 10, "codename": "delete_contenttype"}}, {"model": "auth.permission", "pk": 40, "fields": {"name": "Can view content type", "content_type": 10, "codename": "view_contenttype"}}, {"model": "auth.permission", "pk": 41, "fields": {"name": "Can add session", "content_type": 11, "codename": "add_session"}}, {"model": "auth.permission", "pk": 42, "fields": {"name": "Can change session", "content_type": 11, "codename": "change_session"}}, {"model": "auth.permission", "pk": 43, "fields": {"name": "Can delete session", "content_type": 11, "codename": "delete_session"}}, {"model": "auth.permission", "pk": 44, "fields": {"name": "Can view session", "content_type": 11, "codename": "view_session"}}, {"model": "contenttypes.contenttype", "pk": 1, "fields": {"app_label": "auctions", "model": "user"}}, {"model": "contenttypes.contenttype", "pk": 2, "fields": {"app_label": "auctions", "model": "category"}}, {"model": "contenttypes.contenttype", "pk": 3, "fields": {"app_label": "auctions", "model": "listing"}}, {"model": "contenttypes.contenttype", "pk": 4, "fields": {"app_label": "auctions", "model": "bid"}}, {"model": "contenttypes.contenttype", "pk": 5, "fields": {"app_label": "auctions", "model": "watchlist"}}, {"model": "contenttypes.contenttype", "pk": 6, "fields": {"app_label": "auctions", "model": "comment"}}, {"model": "contenttypes.contenttype", "pk": 7, "fields": {"app_label": "admin", "model": "logentry"}}, {"model": "contenttypes.contenttype", "pk": 8, "fields": {"app_label": "auth", "model": "permission"}}, {"model": "contenttypes.contenttype", "pk": 9, "fields": {"app_label": "auth", "model": "group"}}, {"model": "contenttypes.contenttype", "pk": 10, "fields": {"app_label": "contenttypes", "model": "contenttype"}}, {"model": "contenttypes.contenttype", "pk": 11, "fields": {"app_label": "sessions", "model": "session"}}]